Date,Narration,Withdrawal Amt,Deposit Amt,Closing Balance
11/11/2025,UPI/PYTM0002/Zomato Food,486.96,,44513.04
11/11/2025,BESCOM/ELECTRICITY BILL/Account,1157.14,,43355.9
12/11/2025,SALARY/BRAINYBEAM TECH/NEFT,,28347.76,71703.66
12/11/2025,AMAZON PRIME/SUBSCRIPTION,299.0,,71404.66
13/11/2025,POS/BPCL PETROL/Chandkheda,1465.32,,69939.34
13/11/2025,ATM/CASH WITHDRAWAL/SBI ATM,2079.61,,67859.73
14/11/2025,SALARY/BRAINYBEAM TECH/NEFT,,29678.08,97537.81
14/11/2025,UPI/APOLLO PHARMACY/Medicine,1142.83,,96394.98
14/11/2025,UPI/HDFC0001/Swiggy Order,536.64,,95858.34
15/11/2025,AMAZON PRIME/SUBSCRIPTION,299.0,,95559.34
15/11/2025,POS/DMART/Ahmedabad,1532.07,,94027.27
15/11/2025,UPI/BLINKIT/Quick Commerce,436.88,,93590.39
16/11/2025,UPI/FLIPKART/Payment,2473.39,,91117.0
16/11/2025,UPI/ZEPTO/Grocery Delivery,702.61,,90414.39
16/11/2025,POS/DOMINOS PIZZA/MG Road,751.35,,89663.04
16/11/2025,SALARY/BRAINYBEAM TECH/NEFT,,28499.3,118162.34
16/11/2025,NETFLIX/SUBSCRIPTION/Monthly,649.0,,117513.34
17/11/2025,POS/RELIANCE FRESH/Chandkheda,1208.29,,116305.05
17/11/2025,POS/CAFE COFFEE DAY/CG Road,186.42,,116118.63
17/11/2025,UPI/RAPIDO/Auto Ride,101.85,,116016.78
17/11/2025,UPI/AMAZON PAY/Amazon.in,7740.26,,108276.52
18/11/2025,NETFLIX/SUBSCRIPTION/Monthly,649.0,,107627.52
18/11/2025,POS/RELIANCE FRESH/Chandkheda,627.72,,106999.8
19/11/2025,POS/BPCL PETROL/Chandkheda,2340.35,,104659.45
19/11/2025,POS/CAFE COFFEE DAY/CG Road,265.28,,104394.17
19/11/2025,UPI/UBER INDIA/Ride,224.22,,104169.95
19/11/2025,BESCOM/ELECTRICITY BILL/Account,1061.44,,103108.51
20/11/2025,JIO/BROADBAND/Monthly,995.86,,102112.65
20/11/2025,UPI/PHONEPE/Send Money,1488.27,,100624.38
20/11/2025,UPI/BIGBASKET/Grocery,2454.27,,98170.11
20/11/2025,UPI/PHONEPE/KFC Ahmedabad,334.97,,97835.14
20/11/2025,POS/DOMINOS PIZZA/MG Road,792.78,,97042.36
20/11/2025,UPI/HDFC0001/Swiggy Order,349.0,,-17858.67
21/11/2025,JIO/BROADBAND/Monthly,718.86,,96323.5
21/11/2025,UPI/GPAY/Transfer,8887.31,,87436.19
21/11/2025,UPI/BIGBASKET/Grocery,1067.78,,86368.41
21/11/2025,BAJAJ FINANCE/EMI/Loan,3200.0,,83168.41
21/11/2025,POS/NETMEDS/Online Pharmacy,428.58,,82739.83
22/11/2025,BESCOM/ELECTRICITY BILL/Account,1991.98,,80747.85
22/11/2025,SALARY/BRAINYBEAM TECH/NEFT,,29050.97,109798.82
22/11/2025,NEFT/TRANSFER/Personal,,4570.6,114369.42
23/11/2025,SPOTIFY/PREMIUM/Monthly,119.0,,114250.42
23/11/2025,UPI/MEESHO/Order Payment,759.48,,113490.94
23/11/2025,UPI/AMAZON PAY/Amazon.in,6874.3,,106616.64
23/11/2025,POS/MYNTRA FASHION/Online,1211.67,,105404.97
23/11/2025,UPI/UBER INDIA/Ride,293.86,,105111.11
23/11/2025,AMAZON PRIME/SUBSCRIPTION,299.0,,104812.11
23/11/2025,UPI/UNKNOWN MERCHANT/QR Pay,15000.0,,-57858.67
24/11/2025,NETFLIX/SUBSCRIPTION/Monthly,649.0,,104163.11
24/11/2025,POS/NETMEDS/Online Pharmacy,641.01,,103522.1
24/11/2025,UPI/PHONEPE/Send Money,4373.51,,99148.59
24/11/2025,UPI/HDFC0001/Swiggy Order,499.73,,98648.86
24/11/2025,POS/MYNTRA FASHION/Online,2639.62,,96009.24
25/11/2025,JIO/BROADBAND/Monthly,929.58,,95079.66
25/11/2025,UPI/BLINKIT/Quick Commerce,444.82,,94634.84
25/11/2025,AMAZON PRIME/SUBSCRIPTION,299.0,,94335.84
25/11/2025,UPI/HDFC0001/Swiggy Order,628.29,,93707.55
25/11/2025,AIRTEL/POSTPAID BILL/Mobile,787.76,,92919.79
25/11/2025,UPI/OLA/Cab Booking,186.46,,92733.33
26/11/2025,UPI/PAYTM/DTH Recharge,326.25,,92407.08
26/11/2025,LIC/PREMIUM/Policy,4500.0,,87907.08
27/11/2025,POS/RELIANCE FRESH/Chandkheda,1467.52,,86439.56
27/11/2025,SALARY/BRAINYBEAM TECH/NEFT,,31814.0,118253.56
27/11/2025,ZERODHA/SIP/Mutual Fund,4755.48,,113498.08
28/11/2025,UPI/BIGBASKET/Grocery,1674.93,,111823.15
28/11/2025,POS/MYNTRA FASHION/Online,3307.57,,108515.58
28/11/2025,UPI/PAYTM/DTH Recharge,235.92,,108279.66
28/11/2025,BESCOM/ELECTRICITY BILL/Account,2204.82,,106074.84
28/11/2025,UPI/AMAZON PAY/Amazon.in,1044.19,,105030.65
28/11/2025,BAJAJ FINANCE/EMI/Loan,3200.0,,101830.65
29/11/2025,UPI/MEESHO/Order Payment,340.23,,101490.42
29/11/2025,HDFC ERGO/HEALTH INSURANCE/Premium,2500.0,,98990.42
29/11/2025,UPI/UBER INDIA/Ride,151.57,,98838.85
29/11/2025,ATM/CASH WITHDRAWAL/SBI ATM,3269.41,,95569.44
29/11/2025,POS/BPCL PETROL/Chandkheda,2857.83,,92711.61
29/11/2025,IRCTC/TICKET BOOKING/PNR,2125.43,,90586.18
30/11/2025,POS/RELIANCE FRESH/Chandkheda,1013.34,,89572.84
30/11/2025,ZERODHA/SIP/Mutual Fund,3354.46,,86218.38
30/11/2025,BESCOM/ELECTRICITY BILL/Account,1159.52,,85058.86
30/11/2025,UPI/BLINKIT/Quick Commerce,367.88,,84690.98
30/11/2025,UPI/PHONEPE/Send Money,1535.52,,83155.46
01/12/2025,UPI/HDFC0001/Swiggy Order,213.37,,82942.09
01/12/2025,UPI/PHONEPE/KFC Ahmedabad,334.95,,82607.14
01/12/2025,POS/DOMINOS PIZZA/MG Road,822.8,,81784.34
02/12/2025,LIC/PREMIUM/Policy,4500.0,,77284.34
02/12/2025,BAJAJ FINANCE/EMI/Loan,3200.0,,74084.34
03/12/2025,UPI/GPAY/Transfer,6185.9,,67898.44
03/12/2025,BESCOM/ELECTRICITY BILL/Account,2055.39,,65843.05
03/12/2025,UPI/BOOKMYSHOW/Movie Ticket,333.31,,65509.74
04/12/2025,AMAZON PRIME/SUBSCRIPTION,299.0,,65210.74
04/12/2025,UPI/BOOKMYSHOW/Movie Ticket,410.77,,64799.97
05/12/2025,UPI/FLIPKART/Payment,832.37,,63967.6
05/12/2025,UPI/BLINKIT/Quick Commerce,1030.5,,62937.1
06/12/2025,BESCOM/ELECTRICITY BILL/Account,1106.54,,61830.56
06/12/2025,SALARY/BRAINYBEAM TECH/NEFT,,29794.45,91625.01
07/12/2025,UPI/OLA/Cab Booking,142.92,,91482.09
07/12/2025,BESCOM/ELECTRICITY BILL/Account,2199.18,,89282.91
07/12/2025,POS/CAFE COFFEE DAY/CG Road,242.04,,89040.87
07/12/2025,UPI/PHONEPE/Send Money,940.59,,88100.28
07/12/2025,SALARY/BRAINYBEAM TECH/NEFT,,31344.11,119444.39
08/12/2025,BESCOM/ELECTRICITY BILL/Account,1066.1,,118378.29
08/12/2025,BAJAJ FINANCE/EMI/Loan,3200.0,,115178.29
09/12/2025,UPI/PHONEPE/KFC Ahmedabad,319.51,,114858.78
09/12/2025,UPI/HDFC0001/Swiggy Order,643.1,,114215.68
09/12/2025,AIRTEL/POSTPAID BILL/Mobile,769.61,,113446.07
09/12/2025,POS/NETMEDS/Online Pharmacy,506.89,,112939.18
09/12/2025,UPI/PHONEPE/Send Money,3478.42,,109460.76
10/12/2025,POS/DMART/Ahmedabad,1445.65,,108015.11
10/12/2025,POS/BPCL PETROL/Chandkheda,2937.42,,105077.69
10/12/2025,NEFT/TRANSFER/Personal,,6414.42,111492.11
10/12/2025,UPI/PHONEPE/KFC Ahmedabad,459.51,,111032.6
10/12/2025,UPI/PHONEPE/KFC Ahmedabad,292.03,,110740.57
11/12/2025,LIC/PREMIUM/Policy,4500.0,,106240.57
11/12/2025,ZERODHA/SIP/Mutual Fund,2472.3,,103768.27
11/12/2025,LIC/PREMIUM/Policy,4500.0,,99268.27
11/12/2025,UPI/OLA/Cab Booking,103.02,,99165.25
11/12/2025,POS/CAFE COFFEE DAY/CG Road,274.53,,98890.72
12/12/2025,SPOTIFY/PREMIUM/Monthly,119.0,,98771.72
12/12/2025,UPI/GPAY/Transfer,3215.94,,95555.78
12/12/2025,ATM/CASH WITHDRAWAL/SBI ATM,2119.22,,93436.56
13/12/2025,UPI/BOOKMYSHOW/Movie Ticket,464.06,,92972.5
13/12/2025,UPI/GPAY/Transfer,5705.04,,87267.46
14/12/2025,POS/BPCL PETROL/Chandkheda,2339.45,,84928.01
14/12/2025,UPI/BIGBASKET/Grocery,1125.11,,83802.9
14/12/2025,SPOTIFY/PREMIUM/Monthly,119.0,,83683.9
14/12/2025,UPI/PAYTM/DTH Recharge,268.58,,83415.32
15/12/2025,UPI/HDFC0001/Swiggy Order,395.39,,83019.93
15/12/2025,UPI/GPAY/Transfer,9964.87,,73055.06
16/12/2025,SALARY/BRAINYBEAM TECH/NEFT,,28852.62,101907.68
16/12/2025,AIRTEL/POSTPAID BILL/Mobile,451.98,,101455.7
17/12/2025,POS/CAFE COFFEE DAY/CG Road,303.1,,101152.6
17/12/2025,POS/RELIANCE FRESH/Chandkheda,798.98,,100353.62
17/12/2025,UPI/APOLLO PHARMACY/Medicine,1533.99,,98819.63
17/12/2025,UPI/PAYTM/DTH Recharge,291.75,,98527.88
18/12/2025,UPI/HDFC0001/Swiggy Order,493.9,,98033.98
18/12/2025,UPI/PHONEPE/Send Money,1847.2,,96186.78
18/12/2025,UPI/FLIPKART/Payment,5663.12,,90523.66
18/12/2025,UPI/MEESHO/Order Payment,489.91,,90033.75
18/12/2025,UPI/FLIPKART/Payment,4582.29,,85451.46
18/12/2025,POS/DMART/Ahmedabad,1725.98,,83725.48
19/12/2025,POS/BPCL PETROL/Chandkheda,2435.22,,81290.26
19/12/2025,POS/BPCL PETROL/Chandkheda,2374.99,,78915.27
19/12/2025,AIRTEL/POSTPAID BILL/Mobile,601.16,,78314.11
19/12/2025,AIRTEL/POSTPAID BILL/Mobile,761.13,,77552.98
19/12/2025,UPI/PHONEPE/KFC Ahmedabad,302.15,,77250.83
19/12/2025,AMAZON PRIME/SUBSCRIPTION,299.0,,76951.83
20/12/2025,UPI/HDFC0001/Swiggy Order,336.77,,76615.06
20/12/2025,UPI/MEESHO/Order Payment,899.82,,75715.24
21/12/2025,UPI/UBER INDIA/Ride,280.13,,75435.11
21/12/2025,UPI/PHONEPE/Send Money,3675.5,,71759.61
21/12/2025,UPI/PHONEPE/Send Money,543.51,,71216.1
21/12/2025,POS/CAFE COFFEE DAY/CG Road,312.31,,70903.79
22/12/2025,SALARY/BRAINYBEAM TECH/NEFT,,28144.11,99047.9
22/12/2025,POS/RELIANCE FRESH/Chandkheda,1215.51,,97832.39
22/12/2025,POS/DMART/Ahmedabad,2261.27,,95571.12
23/12/2025,UPI/PAYTM/DTH Recharge,254.7,,95316.42
23/12/2025,POS/DOMINOS PIZZA/MG Road,844.41,,94472.01
24/12/2025,BESCOM/ELECTRICITY BILL/Account,1867.09,,92604.92
24/12/2025,UPI/ZEPTO/Grocery Delivery,826.08,,91778.84
24/12/2025,UPI/BOOKMYSHOW/Movie Ticket,552.67,,91226.17
25/12/2025,BESCOM/ELECTRICITY BILL/Account,2183.37,,89042.8
25/12/2025,UPI/OLA/Cab Booking,257.47,,88785.33
25/12/2025,UPI/PYTM0002/Zomato Food,284.57,,88500.76
26/12/2025,UPI/BOOKMYSHOW/Movie Ticket,504.63,,87996.13
26/12/2025,BESCOM/ELECTRICITY BILL/Account,1226.89,,86769.24
26/12/2025,UPI/FLIPKART/Payment,2602.98,,84166.26
26/12/2025,POS/DOMINOS PIZZA/MG Road,822.23,,83344.03
27/12/2025,IRCTC/TICKET BOOKING/PNR,2368.98,,80975.05
27/12/2025,POS/NETMEDS/Online Pharmacy,542.31,,80432.74
27/12/2025,UPI/RAPIDO/Auto Ride,57.83,,80374.91
28/12/2025,SPOTIFY/PREMIUM/Monthly,119.0,,80255.91
28/12/2025,POS/CAFE COFFEE DAY/CG Road,315.36,,79940.55
28/12/2025,JIO/BROADBAND/Monthly,804.34,,79136.21
29/12/2025,SPOTIFY/PREMIUM/Monthly,119.0,,79017.21
29/12/2025,SALARY/BRAINYBEAM TECH/NEFT,,29324.6,108341.81
29/12/2025,UPI/PYTM0002/Zomato Food,261.52,,108080.29
29/12/2025,AIRTEL/POSTPAID BILL/Mobile,470.43,,107609.86
29/12/2025,AIRTEL/POSTPAID BILL/Mobile,414.3,,107195.56
29/12/2025,ATM/CASH WITHDRAWAL/SBI ATM,3303.69,,103891.87
29/12/2025,NEFT/WIRE/Unknown Beneficiary,25000.0,,-42858.67
30/12/2025,AMAZON PRIME/SUBSCRIPTION,299.0,,103592.87
30/12/2025,LIC/PREMIUM/Policy,4500.0,,99092.87
30/12/2025,UPI/GPAY/Transfer,2710.71,,96382.16
30/12/2025,POS/DOMINOS PIZZA/MG Road,739.83,,95642.33
31/12/2025,ZERODHA/SIP/Mutual Fund,4776.73,,90865.6
31/12/2025,SALARY/BRAINYBEAM TECH/NEFT,,30747.43,121613.03
01/01/2026,POS/RELIANCE FRESH/Chandkheda,1003.82,,120609.21
01/01/2026,UPI/BLINKIT/Quick Commerce,879.68,,119729.53
01/01/2026,POS/MYNTRA FASHION/Online,2742.34,,116987.19
02/01/2026,LIC/PREMIUM/Policy,4500.0,,112487.19
02/01/2026,UPI/BOOKMYSHOW/Movie Ticket,371.33,,112115.86
02/01/2026,TORRENT GAS/PIPED GAS/Bill,466.32,,111649.54
02/01/2026,IRCTC/TICKET BOOKING/PNR,1438.05,,110211.49
03/01/2026,UPI/OLA/Cab Booking,206.95,,110004.54
03/01/2026,UPI/PAYTM/DTH Recharge,260.91,,109743.63
03/01/2026,UPI/HDFC0001/Swiggy Order,322.82,,109420.81
03/01/2026,POS/BPCL PETROL/Chandkheda,1859.78,,107561.03
03/01/2026,NEFT/TRANSFER/Personal,,5639.97,113201.0
04/01/2026,POS/NETMEDS/Online Pharmacy,592.98,,112608.02
04/01/2026,POS/BPCL PETROL/Chandkheda,2022.35,,110585.67
04/01/2026,UPI/UBER INDIA/Ride,257.89,,110327.78
04/01/2026,TORRENT GAS/PIPED GAS/Bill,454.64,,109873.14
05/01/2026,UPI/BLINKIT/Quick Commerce,429.38,,109443.76
05/01/2026,BESCOM/ELECTRICITY BILL/Account,1876.47,,107567.29
05/01/2026,UPI/RAPIDO/Auto Ride,104.53,,107462.76
05/01/2026,POS/DMART/Ahmedabad,883.05,,106579.71
05/01/2026,BESCOM/ELECTRICITY BILL/Account,2374.3,,104205.41
05/01/2026,POS/CAFE COFFEE DAY/CG Road,243.76,,103961.65
06/01/2026,IRCTC/TICKET BOOKING/PNR,2138.11,,101823.54
06/01/2026,NETFLIX/SUBSCRIPTION/Monthly,649.0,,101174.54
06/01/2026,BESCOM/ELECTRICITY BILL/Account,1036.11,,100138.43
06/01/2026,UPI/HDFC0001/Swiggy Order,599.55,,99538.88
06/01/2026,UPI/FLIPKART/Payment,4780.31,,94758.57
06/01/2026,UPI/RAPIDO/Auto Ride,54.07,,94704.5
07/01/2026,POS/NETMEDS/Online Pharmacy,377.62,,94326.88
07/01/2026,BESCOM/ELECTRICITY BILL/Account,2267.95,,92058.93
07/01/2026,POS/MYNTRA FASHION/Online,2031.45,,90027.48
07/01/2026,POS/NETMEDS/Online Pharmacy,717.17,,89310.31
07/01/2026,UPI/PHONEPE/Send Money,3179.54,,86130.77
07/01/2026,UPI/APOLLO PHARMACY/Medicine,1180.24,,84950.53
08/01/2026,AMAZON PRIME/SUBSCRIPTION,299.0,,84651.53
08/01/2026,UPI/PHONEPE/Send Money,2506.61,,82144.92
08/01/2026,UPI/UBER INDIA/Ride,280.79,,81864.13
08/01/2026,HDFC ERGO/HEALTH INSURANCE/Premium,2500.0,,79364.13
08/01/2026,BESCOM/ELECTRICITY BILL/Account,2143.78,,77220.35
08/01/2026,JIO/BROADBAND/Monthly,928.74,,76291.61
09/01/2026,BAJAJ FINANCE/EMI/Loan,3200.0,,73091.61
09/01/2026,JIO/BROADBAND/Monthly,830.96,,72260.65
09/01/2026,TORRENT GAS/PIPED GAS/Bill,370.35,,71890.3
09/01/2026,UPI/BLINKIT/Quick Commerce,621.75,,71268.55
09/01/2026,SALARY/BRAINYBEAM TECH/NEFT,,28322.31,99590.86
09/01/2026,POS/DMART/Ahmedabad,1586.29,,98004.57
10/01/2026,POS/BPCL PETROL/Chandkheda,1128.46,,96876.11
10/01/2026,UPI/BOOKMYSHOW/Movie Ticket,372.65,,96503.46
10/01/2026,POS/NETMEDS/Online Pharmacy,578.68,,95924.78
11/01/2026,UPI/BOOKMYSHOW/Movie Ticket,389.05,,95535.73
11/01/2026,NEFT/TRANSFER/Personal,,7676.37,103212.1
11/01/2026,UPI/PYTM0002/Zomato Food,528.42,,102683.68
12/01/2026,NETFLIX/SUBSCRIPTION/Monthly,649.0,,102034.68
12/01/2026,UPI/ZEPTO/Grocery Delivery,489.03,,101545.65
12/01/2026,NETFLIX/SUBSCRIPTION/Monthly,649.0,,100896.65
12/01/2026,UPI/BOOKMYSHOW/Movie Ticket,430.7,,100465.95
12/01/2026,SALARY/BRAINYBEAM TECH/NEFT,,31199.47,131665.42
12/01/2026,UPI/RAPIDO/Auto Ride,79.06,,131586.36
13/01/2026,AMAZON PRIME/SUBSCRIPTION,299.0,,131287.36
13/01/2026,NETFLIX/SUBSCRIPTION/Monthly,649.0,,130638.36
13/01/2026,SPOTIFY/PREMIUM/Monthly,119.0,,130519.36
13/01/2026,POS/NETMEDS/Online Pharmacy,855.75,,129663.61
14/01/2026,SALARY/BRAINYBEAM TECH/NEFT,,28107.87,157771.48
14/01/2026,SPOTIFY/PREMIUM/Monthly,119.0,,157652.48
14/01/2026,UPI/PYTM0002/Zomato Food,250.22,,157402.26
14/01/2026,AMAZON PRIME/SUBSCRIPTION,299.0,,157103.26
14/01/2026,POS/NETMEDS/Online Pharmacy,449.95,,156653.31
14/01/2026,AIRTEL/POSTPAID BILL/Mobile,550.64,,156102.67
15/01/2026,POS/NETMEDS/Online Pharmacy,529.77,,155572.9
15/01/2026,NETFLIX/SUBSCRIPTION/Monthly,649.0,,154923.9
15/01/2026,UPI/BOOKMYSHOW/Movie Ticket,350.64,,154573.26
16/01/2026,HDFC ERGO/HEALTH INSURANCE/Premium,2500.0,,152073.26
16/01/2026,SALARY/BRAINYBEAM TECH/NEFT,,28208.34,180281.6
17/01/2026,UPI/RAPIDO/Auto Ride,92.01,,180189.59
17/01/2026,POS/DOMINOS PIZZA/MG Road,764.83,,179424.76
17/01/2026,BESCOM/ELECTRICITY BILL/Account,1118.98,,178305.78
17/01/2026,UPI/PYTM0002/Zomato Food,443.68,,177862.1
18/01/2026,UPI/MEESHO/Order Payment,719.92,,177142.18
18/01/2026,POS/MYNTRA FASHION/Online,2321.72,,174820.46
18/01/2026,POS/BPCL PETROL/Chandkheda,1930.07,,172890.39
19/01/2026,POS/RELIANCE FRESH/Chandkheda,634.9,,172255.49
19/01/2026,ATM/CASH WITHDRAWAL/SBI ATM,4891.2,,167364.29
19/01/2026,POS/MYNTRA FASHION/Online,2899.04,,164465.25
19/01/2026,UPI/UBER INDIA/Ride,340.47,,164124.78
20/01/2026,NEFT/TRANSFER/Personal,,2154.07,166278.85
20/01/2026,UPI/PAYTM/DTH Recharge,286.37,,165992.48
21/01/2026,SPOTIFY/PREMIUM/Monthly,119.0,,165873.48
21/01/2026,IRCTC/TICKET BOOKING/PNR,628.59,,165244.89
21/01/2026,BESCOM/ELECTRICITY BILL/Account,963.04,,164281.85
21/01/2026,UPI/PAYTM/DTH Recharge,327.54,,163954.31
21/01/2026,ATM/CASH WITHDRAWAL/SBI ATM,4416.58,,159537.73
22/01/2026,POS/DOMINOS PIZZA/MG Road,540.96,,158996.77
22/01/2026,AMAZON PRIME/SUBSCRIPTION,299.0,,158697.77
22/01/2026,POS/CAFE COFFEE DAY/CG Road,250.83,,158446.94
22/01/2026,UPI/BLINKIT/Quick Commerce,360.75,,158086.19
22/01/2026,UPI/BOOKMYSHOW/Movie Ticket,510.25,,157575.94
22/01/2026,UPI/FLIPKART/Payment,2883.38,,154692.56
23/01/2026,POS/NETMEDS/Online Pharmacy,739.02,,153953.54
23/01/2026,AMAZON PRIME/SUBSCRIPTION,299.0,,153654.54
23/01/2026,ZERODHA/SIP/Mutual Fund,4896.42,,148758.12
23/01/2026,JIO/BROADBAND/Monthly,883.77,,147874.35
24/01/2026,HDFC ERGO/HEALTH INSURANCE/Premium,2500.0,,145374.35
24/01/2026,NEFT/TRANSFER/Personal,,3610.37,148984.72
24/01/2026,BESCOM/ELECTRICITY BILL/Account,2129.17,,146855.55
24/01/2026,UPI/AMAZON PAY/Amazon.in,2725.68,,144129.87
24/01/2026,UPI/APOLLO PHARMACY/Medicine,590.18,,143539.69
24/01/2026,POS/NETMEDS/Online Pharmacy,663.42,,142876.27
25/01/2026,UPI/BLINKIT/Quick Commerce,374.39,,142501.88
25/01/2026,UPI/BIGBASKET/Grocery,1000.05,,141501.83
25/01/2026,POS/BPCL PETROL/Chandkheda,1709.65,,139792.18
25/01/2026,AIRTEL/POSTPAID BILL/Mobile,535.14,,139257.04
25/01/2026,ATM/CASH WITHDRAWAL/SBI ATM,4103.55,,135153.49
26/01/2026,UPI/PHONEPE/Send Money,545.68,,134607.81
26/01/2026,IRCTC/TICKET BOOKING/PNR,651.19,,133956.62
26/01/2026,UPI/BOOKMYSHOW/Movie Ticket,416.8,,133539.82
26/01/2026,BESCOM/ELECTRICITY BILL/Account,1904.97,,131634.85
27/01/2026,UPI/APOLLO PHARMACY/Medicine,1468.69,,130166.16
27/01/2026,UPI/AMAZON PAY/Amazon.in,2858.85,,127307.31
27/01/2026,SPOTIFY/PREMIUM/Monthly,119.0,,127188.31
27/01/2026,UPI/PAYTM/DTH Recharge,299.59,,126888.72
27/01/2026,POS/RELIANCE FRESH/Chandkheda,1062.56,,125826.16
28/01/2026,UPI/ZEPTO/Grocery Delivery,577.85,,125248.31
28/01/2026,UPI/PHONEPE/Send Money,1988.56,,123259.75
28/01/2026,POS/NETMEDS/Online Pharmacy,499.0,,122760.75
28/01/2026,AIRTEL/POSTPAID BILL/Mobile,491.22,,122269.53
28/01/2026,IRCTC/TICKET BOOKING/PNR,1191.54,,121077.99
28/01/2026,SALARY/BRAINYBEAM TECH/NEFT,,31803.51,152881.5
29/01/2026,IRCTC/TICKET BOOKING/PNR,958.5,,151923.0
29/01/2026,HDFC ERGO/HEALTH INSURANCE/Premium,2500.0,,149423.0
29/01/2026,NEFT/TRANSFER/Personal,,7859.64,157282.64
29/01/2026,UPI/UNKNOWN/Transfer/9876543210,48000.0,,-17160.67
30/01/2026,ATM/CASH WITHDRAWAL/SBI ATM,2849.0,,154433.64
30/01/2026,UPI/FLIPKART/Payment,5078.46,,149355.18
30/01/2026,TORRENT GAS/PIPED GAS/Bill,368.24,,148986.94
30/01/2026,UPI/OLA/Cab Booking,147.43,,148839.51
30/01/2026,SALARY/BRAINYBEAM TECH/NEFT,,28506.33,177345.84
30/01/2026,POS/DOMINOS PIZZA/MG Road,885.86,,176459.98
31/01/2026,TORRENT GAS/PIPED GAS/Bill,509.23,,175950.75
31/01/2026,UPI/MEESHO/Order Payment,900.66,,175050.09
31/01/2026,BAJAJ FINANCE/EMI/Loan,3200.0,,171850.09
31/01/2026,UPI/HDFC0001/Swiggy Order,449.81,,171400.28
31/01/2026,HDFC ERGO/HEALTH INSURANCE/Premium,2500.0,,168900.28
31/01/2026,UPI/BLINKIT/Quick Commerce,506.71,,168393.57
01/02/2026,AIRTEL/POSTPAID BILL/Mobile,775.43,,167618.14
01/02/2026,HDFC ERGO/HEALTH INSURANCE/Premium,2500.0,,165118.14
02/02/2026,SPOTIFY/PREMIUM/Monthly,119.0,,164999.14
02/02/2026,UPI/GPAY/Transfer,6665.01,,158334.13
03/02/2026,POS/DMART/Ahmedabad,1307.27,,157026.86
03/02/2026,UPI/GPAY/Transfer,9542.13,,147484.73
04/02/2026,BESCOM/ELECTRICITY BILL/Account,989.52,,146495.21
04/02/2026,UPI/BOOKMYSHOW/Movie Ticket,449.77,,146045.44
05/02/2026,UPI/RAPIDO/Auto Ride,102.06,,145943.38
05/02/2026,NETFLIX/SUBSCRIPTION/Monthly,649.0,,145294.38
05/02/2026,UPI/APOLLO PHARMACY/Medicine,675.77,,144618.61
05/02/2026,NEFT/TRANSFER/Personal,,7940.19,152558.8
05/02/2026,UPI/PAYTM/DTH Recharge,285.29,,152273.51
05/02/2026,UPI/PHONEPE/KFC Ahmedabad,426.31,,151847.2
06/02/2026,POS/BPCL PETROL/Chandkheda,2251.03,,149596.17
06/02/2026,AIRTEL/POSTPAID BILL/Mobile,663.17,,148933.0
07/02/2026,BESCOM/ELECTRICITY BILL/Account,1078.1,,147854.9
07/02/2026,POS/CAFE COFFEE DAY/CG Road,201.91,,147652.99
07/02/2026,UPI/BOOKMYSHOW/Movie Ticket,406.14,,147246.85
08/02/2026,HDFC ERGO/HEALTH INSURANCE/Premium,2500.0,,144746.85
08/02/2026,UPI/RAPIDO/Auto Ride,63.05,,144683.8
08/02/2026,TORRENT GAS/PIPED GAS/Bill,510.9,,144172.9
08/02/2026,POS/NETMEDS/Online Pharmacy,389.15,,143783.75
08/02/2026,UPI/RAPIDO/Auto Ride,113.91,,143669.84
08/02/2026,NEFT/TRANSFER/Personal,,5967.1,149636.94
09/02/2026,AMAZON PRIME/SUBSCRIPTION,299.0,,149337.94
09/02/2026,UPI/RAPIDO/Auto Ride,91.81,,149246.13
09/02/2026,JIO/BROADBAND/Monthly,946.99,,148299.14
10/02/2026,UPI/PHONEPE/KFC Ahmedabad,319.82,,147979.32
10/02/2026,UPI/PAYTM/DTH Recharge,289.26,,147690.06
11/02/2026,TORRENT GAS/PIPED GAS/Bill,431.75,,147258.31
11/02/2026,POS/NETMEDS/Online Pharmacy,728.77,,146529.54
11/02/2026,SPOTIFY/PREMIUM/Monthly,119.0,,146410.54
11/02/2026,LIC/PREMIUM/Policy,4500.0,,141910.54
11/02/2026,UPI/APOLLO PHARMACY/Medicine,328.71,,141581.83
11/02/2026,POS/DOMINOS PIZZA/MG Road,839.18,,140742.65
12/02/2026,ATM/CASH WITHDRAWAL/SBI ATM,2751.1,,137991.55
12/02/2026,UPI/AMAZON PAY/Amazon.in,2290.64,,135700.91
12/02/2026,UPI/GPAY/Transfer,6284.11,,129416.8
12/02/2026,UPI/PYTM0002/Zomato Food,579.85,,128836.95
13/02/2026,UPI/GPAY/Transfer,1362.09,,127474.86
13/02/2026,UPI/OLA/Cab Booking,179.4,,127295.46
13/02/2026,UPI/APOLLO PHARMACY/Medicine,1665.72,,125629.74
13/02/2026,UPI/OLA/Cab Booking,279.42,,125350.32
14/02/2026,BAJAJ FINANCE/EMI/Loan,3200.0,,122150.32
14/02/2026,HDFC ERGO/HEALTH INSURANCE/Premium,2500.0,,119650.32
14/02/2026,UPI/BLINKIT/Quick Commerce,622.9,,119027.42
14/02/2026,UPI/FLIPKART/Payment,5216.53,,113810.89
14/02/2026,UPI/BLINKIT/Quick Commerce,699.9,,113110.99
15/02/2026,TORRENT GAS/PIPED GAS/Bill,498.78,,112612.21
15/02/2026,SPOTIFY/PREMIUM/Monthly,119.0,,112493.21
15/02/2026,UPI/PHONEPE/Send Money,665.14,,111828.07
15/02/2026,UPI/AMAZON PAY/Amazon.in,3035.3,,108792.77
15/02/2026,UPI/BIGBASKET/Grocery,855.03,,107937.74
16/02/2026,LIC/PREMIUM/Policy,4500.0,,103437.74
16/02/2026,UPI/HDFC0001/Swiggy Order,489.1,,102948.64
16/02/2026,SALARY/BRAINYBEAM TECH/NEFT,,29847.91,132796.55
16/02/2026,UPI/PHONEPE/KFC Ahmedabad,325.02,,132471.53
16/02/2026,POS/RELIANCE FRESH/Chandkheda,1271.69,,131199.84
17/02/2026,UPI/APOLLO PHARMACY/Medicine,1415.98,,129783.86
17/02/2026,POS/BPCL PETROL/Chandkheda,1534.11,,128249.75
17/02/2026,UPI/MEESHO/Order Payment,1219.44,,127030.31
17/02/2026,UPI/APOLLO PHARMACY/Medicine,1609.35,,125420.96
17/02/2026,BAJAJ FINANCE/EMI/Loan,3200.0,,122220.96
18/02/2026,BESCOM/ELECTRICITY BILL/Account,1935.65,,120285.31
18/02/2026,UPI/PAYTM/DTH Recharge,282.63,,120002.68
18/02/2026,UPI/PHONEPE/Send Money,2335.96,,117666.72
18/02/2026,UPI/RAPIDO/Auto Ride,119.38,,117547.34
18/02/2026,POS/MYNTRA FASHION/Online,2044.91,,115502.43
18/02/2026,POS/MYNTRA FASHION/Online,2547.82,,112954.61
19/02/2026,BAJAJ FINANCE/EMI/Loan,3200.0,,109754.61
19/02/2026,TORRENT GAS/PIPED GAS/Bill,452.66,,109301.95
19/02/2026,JIO/BROADBAND/Monthly,823.65,,108478.3
20/02/2026,HDFC ERGO/HEALTH INSURANCE/Premium,2500.0,,105978.3
20/02/2026,UPI/PHONEPE/Send Money,1150.89,,104827.41
20/02/2026,IRCTC/TICKET BOOKING/PNR,2616.39,,102211.02
20/02/2026,LIC/PREMIUM/Policy,4500.0,,97711.02
20/02/2026,UPI/MEESHO/Order Payment,1149.43,,96561.59
21/02/2026,UPI/BOOKMYSHOW/Movie Ticket,375.17,,96186.42
21/02/2026,LIC/PREMIUM/Policy,4500.0,,91686.42
21/02/2026,UPI/HDFC0001/Swiggy Order,312.93,,91373.49
21/02/2026,UPI/PAYTM/DTH Recharge,325.62,,91047.87
22/02/2026,BAJAJ FINANCE/EMI/Loan,3200.0,,87847.87
22/02/2026,UPI/APOLLO PHARMACY/Medicine,1061.73,,86786.14
22/02/2026,UPI/ZEPTO/Grocery Delivery,512.71,,86273.43
22/02/2026,SALARY/BRAINYBEAM TECH/NEFT,,29508.84,115782.27
22/02/2026,UPI/BIGBASKET/Grocery,2513.12,,113269.15
22/02/2026,BESCOM/ELECTRICITY BILL/Account,1714.88,,111554.27
23/02/2026,UPI/BOOKMYSHOW/Movie Ticket,292.22,,111262.05
23/02/2026,HDFC ERGO/HEALTH INSURANCE/Premium,2500.0,,108762.05
23/02/2026,NETFLIX/SUBSCRIPTION/Monthly,649.0,,108113.05
24/02/2026,BAJAJ FINANCE/EMI/Loan,3200.0,,104913.05
24/02/2026,UPI/MEESHO/Order Payment,751.52,,104161.53
24/02/2026,NEFT/TRANSFER/Personal,,3991.97,108153.5
25/02/2026,UPI/APOLLO PHARMACY/Medicine,359.54,,107793.96
25/02/2026,POS/NETMEDS/Online Pharmacy,358.44,,107435.52
26/02/2026,UPI/BOOKMYSHOW/Movie Ticket,523.86,,106911.66
26/02/2026,POS/DMART/Ahmedabad,1054.42,,105857.24
26/02/2026,AIRTEL/POSTPAID BILL/Mobile,534.42,,105322.82
27/02/2026,UPI/AMAZON PAY/Amazon.in,7709.36,,97613.46
27/02/2026,SALARY/BRAINYBEAM TECH/NEFT,,29520.04,127133.5
27/02/2026,UPI/BIGBASKET/Grocery,1978.96,,125154.54
27/02/2026,BAJAJ FINANCE/EMI/Loan,3200.0,,121954.54
27/02/2026,POS/DOMINOS PIZZA/MG Road,689.6,,121264.94
28/02/2026,TORRENT GAS/PIPED GAS/Bill,599.23,,120665.71
28/02/2026,UPI/AMAZON PAY/Amazon.in,4074.55,,116591.16
28/02/2026,UPI/FLIPKART/Payment,4681.03,,111910.13
01/03/2026,UPI/APOLLO PHARMACY/Medicine,466.18,,111443.95
01/03/2026,UPI/PAYTM/DTH Recharge,335.51,,111108.44
02/03/2026,UPI/BIGBASKET/Grocery,2351.52,,108756.92
02/03/2026,TORRENT GAS/PIPED GAS/Bill,407.54,,108349.38
03/03/2026,POS/DMART/Ahmedabad,1630.27,,106719.11
03/03/2026,UPI/BOOKMYSHOW/Movie Ticket,438.46,,106280.65
03/03/2026,UPI/OLA/Cab Booking,122.3,,106158.35
03/03/2026,UPI/AMAZON PAY/Amazon.in,5601.58,,100556.77
03/03/2026,NETFLIX/SUBSCRIPTION/Monthly,649.0,,99907.77
04/03/2026,BAJAJ FINANCE/EMI/Loan,3200.0,,96707.77
04/03/2026,POS/DMART/Ahmedabad,1589.44,,95118.33
04/03/2026,AIRTEL/POSTPAID BILL/Mobile,582.83,,94535.5
05/03/2026,POS/NETMEDS/Online Pharmacy,845.67,,93689.83
05/03/2026,SALARY/BRAINYBEAM TECH/NEFT,,28631.9,122321.73
06/03/2026,UPI/ZEPTO/Grocery Delivery,971.36,,121350.37
06/03/2026,UPI/PAYTM/DTH Recharge,295.84,,121054.53
06/03/2026,AMAZON PRIME/SUBSCRIPTION,299.0,,120755.53
06/03/2026,POS/NETMEDS/Online Pharmacy,814.92,,119940.61
06/03/2026,IRCTC/TICKET BOOKING/PNR,2798.53,,117142.08
07/03/2026,UPI/FLIPKART/Payment,1803.63,,115338.45
07/03/2026,UPI/GPAY/Transfer,4230.63,,111107.82
07/03/2026,TORRENT GAS/PIPED GAS/Bill,597.81,,110510.01
07/03/2026,TORRENT GAS/PIPED GAS/Bill,306.58,,110203.43
07/03/2026,SPOTIFY/PREMIUM/Monthly,119.0,,110084.43
08/03/2026,UPI/PHONEPE/KFC Ahmedabad,498.55,,109585.88
08/03/2026,BAJAJ FINANCE/EMI/Loan,3200.0,,106385.88
08/03/2026,TORRENT GAS/PIPED GAS/Bill,532.72,,105853.16
08/03/2026,UPI/RAPIDO/Auto Ride,88.57,,105764.59
08/03/2026,UPI/ZEPTO/Grocery Delivery,433.3,,105331.29
08/03/2026,IRCTC/TICKET BOOKING/PNR,1909.09,,103422.2
09/03/2026,UPI/FLIPKART/Payment,5467.72,,97954.48
09/03/2026,POS/DOMINOS PIZZA/MG Road,519.91,,97434.57
09/03/2026,UPI/APOLLO PHARMACY/Medicine,253.38,,97181.19
10/03/2026,UPI/MEESHO/Order Payment,298.15,,96883.04
10/03/2026,TORRENT GAS/PIPED GAS/Bill,398.02,,96485.02
10/03/2026,UPI/BOOKMYSHOW/Movie Ticket,329.18,,96155.84
10/03/2026,UPI/MEESHO/Order Payment,1064.16,,95091.68
11/03/2026,ZERODHA/SIP/Mutual Fund,3505.38,,91586.3
11/03/2026,JIO/BROADBAND/Monthly,948.14,,90638.16
11/03/2026,AIRTEL/POSTPAID BILL/Mobile,764.62,,89873.54
11/03/2026,HDFC ERGO/HEALTH INSURANCE/Premium,2500.0,,87373.54
12/03/2026,UPI/BLINKIT/Quick Commerce,1033.6,,86339.94
12/03/2026,POS/NETMEDS/Online Pharmacy,879.59,,85460.35
12/03/2026,POS/DMART/Ahmedabad,3364.12,,82096.23
12/03/2026,UPI/RAPIDO/Auto Ride,108.81,,81987.42
13/03/2026,UPI/PHONEPE/Send Money,2145.99,,79841.43
13/03/2026,SPOTIFY/PREMIUM/Monthly,119.0,,79722.43
13/03/2026,SALARY/BRAINYBEAM TECH/NEFT,,28494.35,108216.78
13/03/2026,POS/RELIANCE FRESH/Chandkheda,1341.96,,106874.82
13/03/2026,AIRTEL/POSTPAID BILL/Mobile,632.82,,106242.0
14/03/2026,UPI/FLIPKART/Payment,4210.6,,102031.4
14/03/2026,HDFC ERGO/HEALTH INSURANCE/Premium,2500.0,,99531.4
14/03/2026,UPI/PHONEPE/Send Money,1976.03,,97555.37
14/03/2026,UPI/RAPIDO/Auto Ride,91.81,,97463.56
15/03/2026,UPI/PAYTM/DTH Recharge,297.39,,97166.17
15/03/2026,POS/MYNTRA FASHION/Online,1176.4,,95989.77
15/03/2026,POS/DOMINOS PIZZA/MG Road,517.4,,95472.37
15/03/2026,BAJAJ FINANCE/EMI/Loan,3200.0,,92272.37
15/03/2026,BESCOM/ELECTRICITY BILL/Account,2219.61,,90052.76
16/03/2026,NETFLIX/SUBSCRIPTION/Monthly,649.0,,89403.76
16/03/2026,SALARY/BRAINYBEAM TECH/NEFT,,29676.51,119080.27
16/03/2026,POS/DMART/Ahmedabad,3810.41,,115269.86
17/03/2026,BAJAJ FINANCE/EMI/Loan,3200.0,,112069.86
17/03/2026,JIO/BROADBAND/Monthly,708.81,,111361.05
18/03/2026,POS/BPCL PETROL/Chandkheda,1886.77,,109474.28
18/03/2026,BESCOM/ELECTRICITY BILL/Account,2168.72,,107305.56
18/03/2026,UPI/FLIPKART/Payment,5894.1,,101411.46
18/03/2026,POS/RELIANCE FRESH/Chandkheda,1162.25,,100249.21
19/03/2026,UPI/PHONEPE/KFC Ahmedabad,375.55,,99873.66
19/03/2026,IRCTC/TICKET BOOKING/PNR,2725.29,,97148.37
19/03/2026,POS/NETMEDS/Online Pharmacy,400.42,,96747.95
19/03/2026,POS/BPCL PETROL/Chandkheda,2283.41,,94464.54
20/03/2026,UPI/PYTM0002/Zomato Food,238.21,,94226.33
20/03/2026,UPI/BLINKIT/Quick Commerce,557.03,,93669.3
20/03/2026,UPI/MEESHO/Order Payment,1064.68,,92604.62
20/03/2026,POS/BPCL PETROL/Chandkheda,1137.22,,91467.4
20/03/2026,UPI/PHONEPE/Send Money,1432.21,,90035.19
20/03/2026,POS/BPCL PETROL/Chandkheda,2626.11,,87409.08
21/03/2026,UPI/BLINKIT/Quick Commerce,1008.21,,86400.87
21/03/2026,ATM/CASH WITHDRAWAL/SBI ATM,2008.51,,84392.36
21/03/2026,POS/DMART/Ahmedabad,4157.59,,80234.77
22/03/2026,AIRTEL/POSTPAID BILL/Mobile,718.41,,79516.36
22/03/2026,POS/MYNTRA FASHION/Online,2583.86,,76932.5
22/03/2026,UPI/PYTM0002/Zomato Food,267.45,,76665.05
22/03/2026,UPI/ZEPTO/Grocery Delivery,832.99,,75832.06
22/03/2026,BESCOM/ELECTRICITY BILL/Account,1742.16,,74089.9
22/03/2026,UPI/PYTM0002/Zomato Food,282.73,,73807.17
23/03/2026,UPI/MEESHO/Order Payment,1014.89,,72792.28
23/03/2026,ZERODHA/SIP/Mutual Fund,2340.95,,70451.33
24/03/2026,HDFC ERGO/HEALTH INSURANCE/Premium,2500.0,,67951.33
24/03/2026,POS/RELIANCE FRESH/Chandkheda,1118.53,,66832.8
25/03/2026,UPI/APOLLO PHARMACY/Medicine,1006.14,,65826.66
25/03/2026,POS/DOMINOS PIZZA/MG Road,749.98,,65076.68
26/03/2026,UPI/PAYTM/DTH Recharge,268.71,,64807.97
26/03/2026,UPI/PYTM0002/Zomato Food,241.9,,64566.07
26/03/2026,HDFC ERGO/HEALTH INSURANCE/Premium,2500.0,,62066.07
26/03/2026,AMAZON PRIME/SUBSCRIPTION,299.0,,61767.07
26/03/2026,BAJAJ FINANCE/EMI/Loan,3200.0,,58567.07
26/03/2026,UPI/APOLLO PHARMACY/Medicine,317.59,,58249.48
27/03/2026,UPI/BIGBASKET/Grocery,1938.25,,56311.23
27/03/2026,POS/CAFE COFFEE DAY/CG Road,197.67,,56113.56
28/03/2026,NEFT/TRANSFER/Personal,,5290.14,61403.7
28/03/2026,UPI/BIGBASKET/Grocery,1437.99,,59965.71
28/03/2026,ATM/CASH WITHDRAWAL/SBI ATM,3591.67,,56374.04
28/03/2026,POS/NETMEDS/Online Pharmacy,628.05,,55745.99
28/03/2026,AMAZON PRIME/SUBSCRIPTION,299.0,,55446.99
28/03/2026,POS/MYNTRA FASHION/Online,3101.54,,52345.45
29/03/2026,POS/BPCL PETROL/Chandkheda,1860.14,,50485.31
29/03/2026,UPI/RAPIDO/Auto Ride,73.11,,50412.2
29/03/2026,POS/NETMEDS/Online Pharmacy,569.3,,49842.9
29/03/2026,UPI/FLIPKART/Payment,2218.02,,47624.88
29/03/2026,UPI/BIGBASKET/Grocery,2063.24,,45561.64
29/03/2026,POS/RELIANCE FRESH/Chandkheda,1735.03,,43826.61
30/03/2026,POS/CAFE COFFEE DAY/CG Road,192.77,,43633.84
30/03/2026,UPI/AMAZON PAY/Amazon.in,1110.1,,42523.74
30/03/2026,UPI/FLIPKART/Payment,4594.24,,37929.5
30/03/2026,POS/RELIANCE FRESH/Chandkheda,1536.48,,36393.02
30/03/2026,UPI/PHONEPE/Send Money,769.91,,35623.11
30/03/2026,UPI/HDFC0001/Swiggy Order,349.0,,-17509.67
31/03/2026,UPI/PHONEPE/Send Money,1983.41,,33639.7
31/03/2026,POS/MYNTRA FASHION/Online,1908.18,,31731.52
31/03/2026,AMAZON PRIME/SUBSCRIPTION,299.0,,31432.52
31/03/2026,UPI/PHONEPE/KFC Ahmedabad,512.42,,30920.1
31/03/2026,ATM/CASH WITHDRAWAL/SBI ATM,2937.35,,27982.75
31/03/2026,UPI/FLIPKART/Payment,3677.55,,24305.2
01/04/2026,POS/DMART/Ahmedabad,3032.9,,21272.3
01/04/2026,UPI/RAPIDO/Auto Ride,107.78,,21164.52
01/04/2026,UPI/ZEPTO/Grocery Delivery,871.76,,20292.76
02/04/2026,POS/MYNTRA FASHION/Online,2858.04,,17434.72
02/04/2026,UPI/GPAY/Transfer,3035.43,,14399.29
02/04/2026,AMAZON PRIME/SUBSCRIPTION,299.0,,14100.29
02/04/2026,UPI/PHONEPE/Send Money,618.14,,13482.15
03/04/2026,UPI/PYTM0002/Zomato Food,284.95,,13197.2
03/04/2026,UPI/PAYTM/DTH Recharge,338.23,,12858.97
03/04/2026,UPI/ZEPTO/Grocery Delivery,284.27,,12574.7
03/04/2026,POS/DMART/Ahmedabad,2725.49,,9849.21
04/04/2026,POS/CAFE COFFEE DAY/CG Road,199.86,,9649.35
04/04/2026,UPI/PYTM0002/Zomato Food,253.03,,9396.32
04/04/2026,ZERODHA/SIP/Mutual Fund,2645.4,,6750.92
04/04/2026,UPI/BOOKMYSHOW/Movie Ticket,407.02,,6343.9
04/04/2026,UPI/UBER INDIA/Ride,179.91,,6163.99
05/04/2026,UPI/GPAY/Transfer,6366.01,,14797.98
05/04/2026,UPI/PHONEPE/KFC Ahmedabad,317.34,,14480.64
05/04/2026,UPI/PHONEPE/KFC Ahmedabad,441.75,,14038.89
05/04/2026,JIO/BROADBAND/Monthly,831.93,,13206.96
06/04/2026,BAJAJ FINANCE/EMI/Loan,3200.0,,10006.96
06/04/2026,UPI/BOOKMYSHOW/Movie Ticket,356.49,,9650.47
06/04/2026,LIC/PREMIUM/Policy,4500.0,,5150.47
06/04/2026,AMAZON PRIME/SUBSCRIPTION,299.0,,4851.47
06/04/2026,NEFT/TRANSFER/Personal,,4919.8,9771.27
07/04/2026,POS/DOMINOS PIZZA/MG Road,471.29,,9299.98
07/04/2026,ATM/CASH WITHDRAWAL/SBI ATM,2164.35,,7135.63
07/04/2026,POS/BPCL PETROL/Chandkheda,1602.84,,5532.79
07/04/2026,POS/BPCL PETROL/Chandkheda,2534.7,,2998.09
08/04/2026,TORRENT GAS/PIPED GAS/Bill,398.44,,2599.65
08/04/2026,UPI/HDFC0001/Swiggy Order,413.77,,2185.88
08/04/2026,AMAZON PRIME/SUBSCRIPTION,299.0,,16886.88
08/04/2026,NETFLIX/SUBSCRIPTION/Monthly,649.0,,16237.88
09/04/2026,LIC/PREMIUM/Policy,4500.0,,11737.88
09/04/2026,UPI/ZEPTO/Grocery Delivery,330.45,,11407.43
09/04/2026,POS/DOMINOS PIZZA/MG Road,589.92,,10817.51
10/04/2026,POS/CAFE COFFEE DAY/CG Road,300.7,,10516.81
10/04/2026,UPI/GPAY/Transfer,4863.56,,5653.25
10/04/2026,SPOTIFY/PREMIUM/Monthly,119.0,,5534.25
10/04/2026,UPI/BOOKMYSHOW/Movie Ticket,361.06,,5173.19
10/04/2026,SPOTIFY/PREMIUM/Monthly,119.0,,5054.19
11/04/2026,UPI/UBER INDIA/Ride,296.36,,4757.83
11/04/2026,POS/NETMEDS/Online Pharmacy,807.61,,3950.22
11/04/2026,POS/RELIANCE FRESH/Chandkheda,523.38,,3426.84
11/04/2026,UPI/FLIPKART/Payment,1837.24,,16589.6
12/04/2026,SPOTIFY/PREMIUM/Monthly,119.0,,16470.6
12/04/2026,SPOTIFY/PREMIUM/Monthly,119.0,,16351.6
12/04/2026,UPI/BLINKIT/Quick Commerce,538.34,,15813.26
12/04/2026,UPI/UBER INDIA/Ride,100.62,,15712.64
12/04/2026,POS/MYNTRA FASHION/Online,2231.63,,13481.01
12/04/2026,IRCTC/TICKET BOOKING/PNR,2578.92,,10902.09
13/04/2026,UPI/ZEPTO/Grocery Delivery,789.17,,10112.92
13/04/2026,POS/DMART/Ahmedabad,1603.31,,8509.61
13/04/2026,POS/DMART/Ahmedabad,1670.29,,6839.32
13/04/2026,UPI/OLA/Cab Booking,204.46,,6634.86
14/04/2026,UPI/OLA/Cab Booking,270.75,,6364.11
14/04/2026,BAJAJ FINANCE/EMI/Loan,3200.0,,3164.11
15/04/2026,NEFT/TRANSFER/Personal,,4693.43,7857.54
15/04/2026,UPI/GPAY/Transfer,6786.93,,16070.61
15/04/2026,UPI/BIGBASKET/Grocery,2501.34,,13569.27
15/04/2026,UPI/BIGBASKET/Grocery,932.11,,12637.16
15/04/2026,POS/CAFE COFFEE DAY/CG Road,245.65,,12391.51
15/04/2026,UPI/PAYTM/DTH Recharge,319.45,,12072.06
16/04/2026,UPI/PHONEPE/KFC Ahmedabad,364.47,,11707.59
16/04/2026,POS/CAFE COFFEE DAY/CG Road,223.46,,11484.13
16/04/2026,UPI/APOLLO PHARMACY/Medicine,260.17,,11223.96
16/04/2026,POS/RELIANCE FRESH/Chandkheda,1564.38,,9659.58
16/04/2026,POS/CAFE COFFEE DAY/CG Road,270.25,,9389.33
16/04/2026,UPI/AMAZON PAY/Amazon.in,5649.57,,3739.76
17/04/2026,NETFLIX/SUBSCRIPTION/Monthly,649.0,,3090.76
17/04/2026,UPI/PHONEPE/Send Money,4794.04,,13296.72
17/04/2026,POS/DOMINOS PIZZA/MG Road,597.35,,12699.37
17/04/2026,UPI/GPAY/Transfer,6866.54,,5832.83
17/04/2026,UPI/BIGBASKET/Grocery,1931.01,,3901.82
17/04/2026,LIC/PREMIUM/Policy,4500.0,,14401.82
18/04/2026,UPI/APOLLO PHARMACY/Medicine,365.6,,14036.22
18/04/2026,UPI/BLINKIT/Quick Commerce,1185.03,,12851.19
19/04/2026,LIC/PREMIUM/Policy,4500.0,,8351.19
19/04/2026,POS/DOMINOS PIZZA/MG Road,486.26,,7864.93
20/04/2026,UPI/APOLLO PHARMACY/Medicine,1038.51,,6826.42
20/04/2026,UPI/UBER INDIA/Ride,178.25,,6648.17
20/04/2026,TORRENT GAS/PIPED GAS/Bill,416.22,,6231.95
20/04/2026,UPI/BLINKIT/Quick Commerce,927.06,,5304.89
20/04/2026,UPI/PHONEPE/KFC Ahmedabad,469.41,,4835.48
21/04/2026,POS/CAFE COFFEE DAY/CG Road,226.16,,4609.32
21/04/2026,UPI/PHONEPE/Send Money,3552.71,,16056.61
21/04/2026,TORRENT GAS/PIPED GAS/Bill,375.6,,15681.01
21/04/2026,ATM/CASH WITHDRAWAL/SBI ATM,4619.84,,11061.17
22/04/2026,UPI/AMAZON PAY/Amazon.in,5368.83,,5692.34
22/04/2026,POS/DMART/Ahmedabad,3916.94,,16775.4
22/04/2026,UPI/PAYTM/DTH Recharge,345.15,,16430.25
22/04/2026,SPOTIFY/PREMIUM/Monthly,119.0,,16311.25
23/04/2026,UPI/PAYTM/DTH Recharge,283.84,,16027.41
23/04/2026,UPI/BLINKIT/Quick Commerce,1041.21,,14986.2
24/04/2026,UPI/AMAZON PAY/Amazon.in,5919.42,,9066.78
24/04/2026,AMAZON PRIME/SUBSCRIPTION,299.0,,8767.78
24/04/2026,UPI/PYTM0002/Zomato Food,350.54,,8417.24
24/04/2026,UPI/OLA/Cab Booking,270.72,,8146.52
24/04/2026,UPI/BLINKIT/Quick Commerce,1155.52,,6991.0
24/04/2026,BAJAJ FINANCE/EMI/Loan,3200.0,,3791.0
25/04/2026,POS/DMART/Ahmedabad,1062.36,,2728.64
25/04/2026,UPI/FLIPKART/Payment,3291.29,,14437.35
25/04/2026,SALARY/BRAINYBEAM TECH/NEFT,,31340.48,45777.83
26/04/2026,POS/DOMINOS PIZZA/MG Road,714.06,,45063.77
26/04/2026,UPI/MEESHO/Order Payment,855.97,,44207.8
26/04/2026,POS/DMART/Ahmedabad,1351.64,,42856.16
26/04/2026,UPI/UBER INDIA/Ride,274.72,,42581.44
26/04/2026,POS/DOMINOS PIZZA/MG Road,575.97,,42005.47
26/04/2026,BESCOM/ELECTRICITY BILL/Account,2351.34,,39654.13
27/04/2026,TORRENT GAS/PIPED GAS/Bill,525.72,,39128.41
27/04/2026,UPI/APOLLO PHARMACY/Medicine,574.4,,38554.01
27/04/2026,BESCOM/ELECTRICITY BILL/Account,1295.15,,37258.86
27/04/2026,HDFC ERGO/HEALTH INSURANCE/Premium,2500.0,,34758.86
27/04/2026,IRCTC/TICKET BOOKING/PNR,1314.43,,33444.43
27/04/2026,UPI/GPAY/Transfer,9859.96,,23584.47
28/04/2026,TORRENT GAS/PIPED GAS/Bill,533.44,,23051.03
28/04/2026,LIC/PREMIUM/Policy,4500.0,,18551.03
28/04/2026,UPI/UBER INDIA/Ride,300.56,,18250.47
28/04/2026,ATM/CASH WITHDRAWAL/SBI ATM,2415.2,,15835.27
28/04/2026,AIRTEL/POSTPAID BILL/Mobile,419.87,,15415.4
29/04/2026,POS/RELIANCE FRESH/Chandkheda,1176.36,,14239.04
29/04/2026,UPI/FLIPKART/Payment,4411.71,,9827.33
29/04/2026,ZERODHA/SIP/Mutual Fund,4553.5,,5273.83
29/04/2026,TORRENT GAS/PIPED GAS/Bill,325.16,,4948.67
29/04/2026,UPI/UBER INDIA/Ride,153.65,,4795.02
30/04/2026,POS/DMART/Ahmedabad,3625.56,,16169.46
30/04/2026,UPI/AMAZON PAY/Amazon.in,8532.8,,7636.66
30/04/2026,UPI/RAPIDO/Auto Ride,105.34,,7531.32
30/04/2026,UPI/ZEPTO/Grocery Delivery,931.33,,6599.99
30/04/2026,UPI/BOOKMYSHOW/Movie Ticket,294.91,,6305.08
30/04/2026,LIC/PREMIUM/Policy,4500.0,,16805.08
01/05/2026,UPI/AMAZON PAY/Amazon.in,3560.74,,13244.34
01/05/2026,UPI/PYTM0002/Zomato Food,334.73,,12909.61
01/05/2026,UPI/FLIPKART/Payment,5114.47,,7795.14
01/05/2026,UPI/BLINKIT/Quick Commerce,1022.67,,6772.47
01/05/2026,UPI/MEESHO/Order Payment,241.13,,6531.34
02/05/2026,UPI/MEESHO/Order Payment,1033.73,,5497.61
02/05/2026,HDFC ERGO/HEALTH INSURANCE/Premium,2500.0,,2997.61
02/05/2026,UPI/HDFC0001/Swiggy Order,605.75,,2391.86
02/05/2026,UPI/PYTM0002/Zomato Food,312.13,,2079.73
02/05/2026,POS/DMART/Ahmedabad,2665.93,,14413.8
03/05/2026,ZERODHA/SIP/Mutual Fund,3269.76,,11144.04
03/05/2026,TORRENT GAS/PIPED GAS/Bill,371.29,,10772.75
03/05/2026,POS/MYNTRA FASHION/Online,927.92,,9844.83
03/05/2026,UPI/BOOKMYSHOW/Movie Ticket,458.91,,9385.92
03/05/2026,POS/NETMEDS/Online Pharmacy,384.54,,9001.38
03/05/2026,BAJAJ FINANCE/EMI/Loan,3200.0,,5801.38
04/05/2026,LIC/PREMIUM/Policy,4500.0,,16301.38
04/05/2026,POS/DMART/Ahmedabad,1790.32,,14511.06
05/05/2026,UPI/ZEPTO/Grocery Delivery,448.39,,14062.67
05/05/2026,UPI/BOOKMYSHOW/Movie Ticket,332.45,,13730.22
06/05/2026,ZERODHA/SIP/Mutual Fund,4923.96,,8806.26
06/05/2026,POS/CAFE COFFEE DAY/CG Road,313.48,,8492.78
07/05/2026,LIC/PREMIUM/Policy,4500.0,,3992.78
07/05/2026,LIC/PREMIUM/Policy,4500.0,,14492.78
07/05/2026,NETFLIX/SUBSCRIPTION/Monthly,649.0,,13843.78
07/05/2026,POS/DOMINOS PIZZA/MG Road,699.62,,13144.16
07/05/2026,POS/RELIANCE FRESH/Chandkheda,755.11,,12389.05
07/05/2026,UPI/PYTM0002/Zomato Food,348.55,,12040.5
08/05/2026,UPI/ZEPTO/Grocery Delivery,448.79,,11591.71
08/05/2026,UPI/FLIPKART/Payment,4742.26,,6849.45
09/05/2026,UPI/MEESHO/Order Payment,247.77,,6601.68
09/05/2026,SALARY/BRAINYBEAM TECH/NEFT,,29354.19,35955.87
09/05/2026,UPI/OLA/Cab Booking,247.77,,35708.1
09/05/2026,POS/NETMEDS/Online Pharmacy,889.45,,34818.65
10/05/2026,UPI/OLA/Cab Booking,244.18,,34574.47
10/05/2026,POS/CAFE COFFEE DAY/CG Road,280.25,,34294.22
10/05/2026,POS/NETMEDS/Online Pharmacy,370.34,,33923.88
10/05/2026,IRCTC/TICKET BOOKING/PNR,552.94,,33370.94
10/05/2026,IRCTC/TICKET BOOKING/PNR,2531.61,,30839.33
